new_vaccinations,iso_code,continent,date,new_cases,new_deaths,location,total_cases,total_deaths,reproduction_rate,icu_patients,hosp_patients,total_tests,positive_rate,total_vaccinations,people_vaccinated,population
0,IND,Asia,30-01-2020,1,0,India,1,0,0,0,0,0,0,0,0,1380004385
0,IND,Asia,31-01-2020,0,0,India,1,0,0,0,0,0,0,0,0,1380004385
0,IND,Asia,01-02-2020,0,0,India,1,0,0,0,0,0,0,0,0,1380004385
0,IND,Asia,02-02-2020,1,0,India,2,0,0,0,0,0,0,0,0,1380004385
0,IND,Asia,03-02-2020,1,0,India,3,0,0,0,0,0,0,0,0,1380004385
0,IND,Asia,04-02-2020,0,0,India,3,0,0,0,0,0,0,0,0,1380004385
0,IND,Asia,05-02-2020,0,0,India,3,0,0,0,0,0,0,0,0,1380004385
0,IND,Asia,06-02-2020,0,0,India,3,0,0,0,0,0,0,0,0,1380004385
0,IND,Asia,07-02-2020,0,0,India,3,0,0,0,0,0,0,0,0,1380004385
0,IND,Asia,08-02-2020,0,0,India,3,0,0,0,0,0,0,0,0,1380004385
0,IND,Asia,09-02-2020,0,0,India,3,0,0,0,0,0,0,0,0,1380004385
0,IND,Asia,10-02-2020,0,0,India,3,0,0,0,0,0,0,0,0,1380004385
0,IND,Asia,11-02-2020,0,0,India,3,0,0,0,0,0,0,0,0,1380004385
0,IND,Asia,12-02-2020,0,0,India,3,0,0,0,0,0,0,0,0,1380004385
0,IND,Asia,13-02-2020,0,0,India,3,0,0,0,0,0,0,0,0,1380004385
0,IND,Asia,14-02-2020,0,0,India,3,0,0,0,0,0,0,0,0,1380004385
0,IND,Asia,15-02-2020,0,0,India,3,0,0,0,0,0,0,0,0,1380004385
0,IND,Asia,16-02-2020,0,0,India,3,0,0,0,0,0,0,0,0,1380004385
0,IND,Asia,17-02-2020,0,0,India,3,0,0,0,0,0,0,0,0,1380004385
0,IND,Asia,18-02-2020,0,0,India,3,0,0,0,0,0,0,0,0,1380004385
0,IND,Asia,19-02-2020,0,0,India,3,0,0,0,0,0,0,0,0,1380004385
0,IND,Asia,20-02-2020,0,0,India,3,0,0,0,0,0,0,0,0,1380004385
0,IND,Asia,21-02-2020,0,0,India,3,0,0,0,0,0,0,0,0,1380004385
0,IND,Asia,22-02-2020,0,0,India,3,0,0,0,0,0,0,0,0,1380004385
0,IND,Asia,23-02-2020,0,0,India,3,0,0,0,0,0,0,0,0,1380004385
0,IND,Asia,24-02-2020,0,0,India,3,0,0,0,0,0,0,0,0,1380004385
0,IND,Asia,25-02-2020,0,0,India,3,0,0,0,0,0,0,0,0,1380004385
0,IND,Asia,26-02-2020,0,0,India,3,0,0,0,0,0,0,0,0,1380004385
0,IND,Asia,27-02-2020,0,0,India,3,0,0,0,0,0,0,0,0,1380004385
0,IND,Asia,28-02-2020,0,0,India,3,0,0,0,0,0,0,0,0,1380004385
0,IND,Asia,29-02-2020,0,0,India,3,0,0,0,0,0,0,0,0,1380004385
0,IND,Asia,01-03-2020,0,0,India,3,0,0,0,0,0,0,0,0,1380004385
0,IND,Asia,02-03-2020,2,0,India,5,0,0,0,0,0,0,0,0,1380004385
0,IND,Asia,03-03-2020,0,0,India,5,0,0,0,0,0,0,0,0,1380004385
0,IND,Asia,04-03-2020,23,0,India,28,0,0,0,0,0,0,0,0,1380004385
0,IND,Asia,05-03-2020,2,0,India,30,0,0,0,0,0,0,0,0,1380004385
0,IND,Asia,06-03-2020,1,0,India,31,0,0,0,0,0,0,0,0,1380004385
0,IND,Asia,07-03-2020,3,0,India,34,0,0,0,0,0,0,0,0,1380004385
0,IND,Asia,08-03-2020,5,0,India,39,0,0,0,0,0,0,0,0,1380004385
0,IND,Asia,09-03-2020,4,0,India,43,0,0,0,0,0,0,0,0,1380004385
0,IND,Asia,10-03-2020,13,0,India,56,0,0,0,0,0,0,0,0,1380004385
0,IND,Asia,11-03-2020,6,1,India,62,1,0,0,0,0,0,0,0,1380004385
0,IND,Asia,12-03-2020,11,0,India,73,1,0,0,0,0,0,0,0,1380004385
0,IND,Asia,13-03-2020,9,1,India,82,2,0,0,0,6500,0,0,0,1380004385
0,IND,Asia,14-03-2020,20,0,India,102,2,0,0,0,0,0,0,0,1380004385
0,IND,Asia,15-03-2020,11,0,India,113,2,1.84,0,0,0,0,0,0,1380004385
0,IND,Asia,16-03-2020,6,0,India,119,2,1.86,0,0,0,0,0,0,1380004385
0,IND,Asia,17-03-2020,23,1,India,142,3,1.89,0,0,0,0,0,0,1380004385
0,IND,Asia,18-03-2020,14,0,India,156,3,1.92,0,0,13125,0,0,0,1380004385
0,IND,Asia,19-03-2020,38,1,India,194,4,1.97,0,0,13316,0,0,0,1380004385
0,IND,Asia,20-03-2020,50,1,India,244,5,2,0,0,14376,0.021,0,0,1380004385
0,IND,Asia,21-03-2020,86,-1,India,330,4,2.03,0,0,15701,0.029,0,0,1380004385
0,IND,Asia,22-03-2020,66,3,India,396,7,2.03,0,0,16999,0.036,0,0,1380004385
0,IND,Asia,23-03-2020,103,3,India,499,10,2.03,0,0,20707,0.037,0,0,1380004385
0,IND,Asia,24-03-2020,37,0,India,536,10,2.02,0,0,20864,0.043,0,0,1380004385
0,IND,Asia,25-03-2020,121,2,India,657,12,2.03,0,0,25144,0.042,0,0,1380004385
0,IND,Asia,26-03-2020,70,8,India,727,20,2.03,0,0,0,0.041,0,0,1380004385
0,IND,Asia,27-03-2020,160,0,India,887,20,2.03,0,0,27688,0.048,0,0,1380004385
0,IND,Asia,28-03-2020,100,4,India,987,24,2.03,0,0,0,0.043,0,0,1380004385
0,IND,Asia,29-03-2020,37,3,India,1024,27,2.04,0,0,0,0.036,0,0,1380004385
0,IND,Asia,30-03-2020,227,5,India,1251,32,2.07,0,0,0,0.044,0,0,1380004385
0,IND,Asia,31-03-2020,146,3,India,1397,35,2.08,0,0,0,0.042,0,0,1380004385
0,IND,Asia,01-04-2020,601,23,India,1998,58,2.1,0,0,0,0.069,0,0,1380004385
0,IND,Asia,02-04-2020,545,14,India,2543,72,2.08,0,0,47951,0.084,0,0,1380004385
0,IND,Asia,03-04-2020,24,0,India,2567,72,2.04,0,0,69245,0.04,0,0,1380004385
0,IND,Asia,04-04-2020,515,14,India,3082,86,2.02,0,0,79950,0.043,0,0,1380004385
0,IND,Asia,05-04-2020,506,13,India,3588,99,1.99,0,0,89534,0.047,0,0,1380004385
0,IND,Asia,06-04-2020,1190,37,India,4778,136,1.97,0,0,101068,0.056,0,0,1380004385
0,IND,Asia,07-04-2020,533,14,India,5311,150,1.92,0,0,114015,0.054,0,0,1380004385
0,IND,Asia,08-04-2020,605,28,India,5916,178,1.87,0,0,127919,0.047,0,0,1380004385
0,IND,Asia,09-04-2020,809,48,India,6725,226,1.83,0,0,144910,0.043,0,0,1380004385
0,IND,Asia,10-04-2020,873,20,India,7598,246,1.79,0,0,161330,0.055,0,0,1380004385
0,IND,Asia,11-04-2020,848,42,India,8446,288,1.76,0,0,179374,0.054,0,0,1380004385
0,IND,Asia,12-04-2020,759,43,India,9205,331,1.72,0,0,195748,0.053,0,0,1380004385
0,IND,Asia,13-04-2020,1248,27,India,10453,358,1.69,0,0,217554,0.049,0,0,1380004385
0,IND,Asia,14-04-2020,1034,35,India,11487,393,1.66,0,0,244893,0.047,0,0,1380004385
0,IND,Asia,15-04-2020,835,12,India,12322,405,1.63,0,0,274599,0.044,0,0,1380004385
0,IND,Asia,16-04-2020,1108,43,India,13430,448,1.6,0,0,302956,0.042,0,0,1380004385
0,IND,Asia,17-04-2020,922,38,India,14352,486,1.58,0,0,335123,0.039,0,0,1380004385
0,IND,Asia,18-04-2020,1370,35,India,15722,521,1.56,0,0,372123,0.038,0,0,1380004385
0,IND,Asia,19-04-2020,1893,38,India,17615,559,1.55,0,0,401586,0.041,0,0,1380004385
0,IND,Asia,20-04-2020,924,33,India,18539,592,1.52,0,0,0,0.038,0,0,1380004385
0,IND,Asia,21-04-2020,1541,53,India,20080,645,1.5,0,0,462621,0.039,0,0,1380004385
0,IND,Asia,22-04-2020,1290,36,India,21370,681,1.49,0,0,0,0.044,0,0,1380004385
0,IND,Asia,23-04-2020,1707,40,India,23077,721,1.47,0,0,500542,0.049,0,0,1380004385
0,IND,Asia,24-04-2020,1453,59,India,24530,780,1.46,0,0,541789,0.049,0,0,1380004385
0,IND,Asia,25-04-2020,1753,45,India,26283,825,1.45,0,0,579957,0.051,0,0,1380004385
0,IND,Asia,26-04-2020,1607,56,India,27890,881,1.44,0,0,625309,0.046,0,0,1380004385
0,IND,Asia,27-04-2020,1561,58,India,29451,939,1.43,0,0,665819,0.047,0,0,1380004385
0,IND,Asia,28-04-2020,1873,69,India,31324,1008,1.43,0,0,716733,0.044,0,0,1380004385
0,IND,Asia,29-04-2020,1738,71,India,33062,1079,1.42,0,0,770764,0.04,0,0,1380004385
0,IND,Asia,30-04-2020,1801,75,India,34863,1154,1.42,0,0,830201,0.036,0,0,1380004385
0,IND,Asia,01-05-2020,2394,69,India,37257,1223,1.42,0,0,902654,0.035,0,0,1380004385
0,IND,Asia,02-05-2020,2442,100,India,39699,1323,1.42,0,0,976363,0.034,0,0,1380004385
0,IND,Asia,03-05-2020,2806,68,India,42505,1391,1.42,0,0,1046450,0.035,0,0,1380004385
0,IND,Asia,04-05-2020,3932,175,India,46437,1566,1.42,0,0,1107233,0.038,0,0,1380004385
0,IND,Asia,05-05-2020,2963,127,India,49400,1693,1.41,0,0,1191946,0.038,0,0,1380004385
0,IND,Asia,06-05-2020,3587,92,India,52987,1785,1.4,0,0,1276781,0.039,0,0,1380004385
0,IND,Asia,07-05-2020,3364,104,India,56351,1889,1.39,0,0,1357413,0.041,0,0,1380004385
0,IND,Asia,08-05-2020,3344,96,India,59695,1985,1.38,0,0,1437788,0.042,0,0,1380004385
0,IND,Asia,09-05-2020,3113,116,India,62808,2101,1.37,0,0,1523213,0.042,0,0,1380004385
0,IND,Asia,10-05-2020,4353,111,India,67161,2212,1.36,0,0,1609037,0.044,0,0,1380004385
0,IND,Asia,11-05-2020,3607,82,India,70768,2294,1.35,0,0,1673688,0.043,0,0,1380004385
0,IND,Asia,12-05-2020,3524,121,India,74292,2415,1.34,0,0,1759579,0.044,0,0,1380004385
0,IND,Asia,13-05-2020,3763,136,India,78055,2551,1.33,0,0,1854250,0.043,0,0,1380004385
0,IND,Asia,14-05-2020,3942,98,India,81997,2649,1.33,0,0,1947041,0.043,0,0,1380004385
0,IND,Asia,15-05-2020,3787,104,India,85784,2753,1.33,0,0,2039952,0.043,0,0,1380004385
0,IND,Asia,16-05-2020,4864,118,India,90648,2871,1.33,0,0,2134277,0.046,0,0,1380004385
0,IND,Asia,17-05-2020,5050,154,India,95698,3025,1.33,0,0,2227642,0.046,0,0,1380004385
0,IND,Asia,18-05-2020,4630,131,India,100328,3156,1.32,0,0,2302792,0.047,0,0,1380004385
0,IND,Asia,19-05-2020,6147,146,India,106475,3302,1.32,0,0,2404267,0.05,0,0,1380004385
0,IND,Asia,20-05-2020,5553,132,India,112028,3434,1.32,0,0,2512388,0.052,0,0,1380004385
0,IND,Asia,21-05-2020,6198,150,India,118226,3584,1.31,0,0,2615920,0.054,0,0,1380004385
0,IND,Asia,22-05-2020,6568,142,India,124794,3726,1.31,0,0,2719434,0.057,0,0,1380004385
0,IND,Asia,23-05-2020,6629,142,India,131423,3868,1.3,0,0,2834798,0.058,0,0,1380004385
0,IND,Asia,24-05-2020,7113,156,India,138536,4024,1.29,0,0,2943421,0.06,0,0,1380004385
0,IND,Asia,25-05-2020,6414,148,India,144950,4172,1.29,0,0,3033591,0.061,0,0,1380004385
0,IND,Asia,26-05-2020,5843,172,India,150793,4344,1.28,0,0,3126119,0.061,0,0,1380004385
0,IND,Asia,27-05-2020,7293,190,India,158086,4534,1.28,0,0,3242160,0.063,0,0,1380004385
0,IND,Asia,28-05-2020,7300,177,India,165386,4711,1.27,0,0,3362136,0.063,0,0,1380004385
0,IND,Asia,29-05-2020,8105,269,India,173491,4980,1.27,0,0,3483838,0.064,0,0,1380004385
0,IND,Asia,30-05-2020,8336,205,India,181827,5185,1.27,0,0,3611599,0.065,0,0,1380004385
0,IND,Asia,31-05-2020,8782,223,India,190609,5408,1.26,0,0,3737027,0.066,0,0,1380004385
0,IND,Asia,01-06-2020,7761,200,India,198370,5608,1.26,0,0,3837207,0.066,0,0,1380004385
0,IND,Asia,02-06-2020,8821,221,India,207191,5829,1.25,0,0,3966075,0.067,0,0,1380004385
0,IND,Asia,03-06-2020,9633,259,India,216824,6088,1.25,0,0,4103233,0.068,0,0,1380004385
0,IND,Asia,04-06-2020,9889,275,India,226713,6363,1.24,0,0,4242718,0.07,0,0,1380004385
0,IND,Asia,05-06-2020,9471,286,India,236184,6649,1.24,0,0,4386379,0.069,0,0,1380004385
0,IND,Asia,06-06-2020,10438,297,India,246622,6946,1.23,0,0,4524317,0.071,0,0,1380004385
0,IND,Asia,07-06-2020,10864,261,India,257486,7207,1.23,0,0,4666386,0.072,0,0,1380004385
0,IND,Asia,08-06-2020,8442,266,India,265928,7473,1.22,0,0,4774434,0.072,0,0,1380004385
0,IND,Asia,09-06-2020,10218,277,India,276146,7750,1.22,0,0,4916116,0.073,0,0,1380004385
0,IND,Asia,10-06-2020,10459,352,India,286605,8102,1.22,0,0,5061332,0.073,0,0,1380004385
0,IND,Asia,11-06-2020,10930,396,India,297535,8498,1.22,0,0,5213140,0.073,0,0,1380004385
0,IND,Asia,12-06-2020,11458,386,India,308993,8884,1.22,0,0,5363445,0.075,0,0,1380004385
0,IND,Asia,13-06-2020,11929,311,India,320922,9195,1.21,0,0,5507182,0.076,0,0,1380004385
0,IND,Asia,14-06-2020,11502,325,India,332424,9520,1.21,0,0,5658614,0.076,0,0,1380004385
0,IND,Asia,15-06-2020,10667,380,India,343091,9900,1.21,0,0,5774133,0.077,0,0,1380004385
0,IND,Asia,16-06-2020,10974,2003,India,354065,11903,1.21,0,0,5921069,0.078,0,0,1380004385
0,IND,Asia,17-06-2020,12881,334,India,366946,12237,1.22,0,0,6084256,0.079,0,0,1380004385
0,IND,Asia,18-06-2020,13586,336,India,380532,12573,1.22,0,0,6249668,0.08,0,0,1380004385
0,IND,Asia,19-06-2020,14516,375,India,395048,12948,1.22,0,0,6426627,0.081,0,0,1380004385
0,IND,Asia,20-06-2020,15403,306,India,410451,13254,1.23,0,0,6616496,0.081,0,0,1380004385
0,IND,Asia,21-06-2020,14831,445,India,425282,13699,1.23,0,0,6807226,0.081,0,0,1380004385
0,IND,Asia,22-06-2020,14933,312,India,440215,14011,1.23,0,0,6950493,0.083,0,0,1380004385
0,IND,Asia,23-06-2020,15968,465,India,456183,14476,1.23,0,0,7137716,0.084,0,0,1380004385
0,IND,Asia,24-06-2020,16922,418,India,473105,14894,1.23,0,0,7352911,0.084,0,0,1380004385
0,IND,Asia,25-06-2020,17296,407,India,490401,15301,1.23,0,0,7560782,0.084,0,0,1380004385
0,IND,Asia,26-06-2020,18552,384,India,508953,15685,1.23,0,0,7776228,0.084,0,0,1380004385
0,IND,Asia,27-06-2020,19906,410,India,528859,16095,1.23,0,0,7996707,0.086,0,0,1380004385
0,IND,Asia,28-06-2020,19459,380,India,548318,16475,1.23,0,0,8227802,0.087,0,0,1380004385
0,IND,Asia,29-06-2020,18522,418,India,566840,16893,1.22,0,0,8398362,0.087,0,0,1380004385
0,IND,Asia,30-06-2020,18641,507,India,585481,17400,1.22,0,0,8608654,0.088,0,0,1380004385
0,IND,Asia,01-07-2020,19160,434,India,604641,17834,1.22,0,0,8826585,0.089,0,0,1380004385
0,IND,Asia,02-07-2020,20903,379,India,625544,18213,1.22,0,0,9056173,0.09,0,0,1380004385
0,IND,Asia,03-07-2020,22771,442,India,648315,18655,1.23,0,0,9297749,0.092,0,0,1380004385
0,IND,Asia,04-07-2020,24850,613,India,673165,19268,1.23,0,0,9540132,0.093,0,0,1380004385
0,IND,Asia,05-07-2020,24248,425,India,697413,19693,1.22,0,0,9789066,0.095,0,0,1380004385
0,IND,Asia,06-07-2020,22251,466,India,719664,20159,1.22,0,0,9969662,0.097,0,0,1380004385
0,IND,Asia,07-07-2020,22753,483,India,742417,20642,1.22,0,0,10211092,0.098,0,0,1380004385
0,IND,Asia,08-07-2020,24879,487,India,767296,21129,1.22,0,0,10473771,0.099,0,0,1380004385
0,IND,Asia,09-07-2020,26506,475,India,793802,21604,1.22,0,0,10740832,0.1,0,0,1380004385
0,IND,Asia,10-07-2020,27114,519,India,820916,22123,1.23,0,0,11024491,0.1,0,0,1380004385
0,IND,Asia,11-07-2020,28606,550,India,849522,22673,1.23,0,0,11307002,0.1,0,0,1380004385
0,IND,Asia,12-07-2020,28732,501,India,878254,23174,1.23,0,0,11587153,0.101,0,0,1380004385
0,IND,Asia,13-07-2020,28498,553,India,906752,23727,1.23,0,0,11806256,0.102,0,0,1380004385
0,IND,Asia,14-07-2020,29429,582,India,936181,24309,1.23,0,0,12092503,0.103,0,0,1380004385
0,IND,Asia,15-07-2020,32676,605,India,968857,24914,1.23,0,0,12412664,0.104,0,0,1380004385
0,IND,Asia,16-07-2020,34975,688,India,1003832,25602,1.23,0,0,12739490,0.105,0,0,1380004385
0,IND,Asia,17-07-2020,35252,671,India,1039084,26273,1.23,0,0,13072718,0.107,0,0,1380004385
0,IND,Asia,18-07-2020,38697,543,India,1077781,26816,1.23,0,0,13433742,0.107,0,0,1380004385
0,IND,Asia,19-07-2020,40425,681,India,1118206,27497,1.23,0,0,13791869,0.109,0,0,1380004385
0,IND,Asia,20-07-2020,37132,585,India,1155338,28082,1.23,0,0,14047908,0.111,0,0,1380004385
0,IND,Asia,21-07-2020,37740,650,India,1193078,28732,1.23,0,0,14381303,0.112,0,0,1380004385
0,IND,Asia,22-07-2020,45720,1129,India,1238798,29861,1.23,0,0,14724546,0.117,0,0,1380004385
0,IND,Asia,23-07-2020,49310,740,India,1288108,30601,1.22,0,0,15075369,0.122,0,0,1380004385
0,IND,Asia,24-07-2020,48916,757,India,1337024,31358,1.22,0,0,15428170,0.126,0,0,1380004385
0,IND,Asia,25-07-2020,48611,702,India,1385635,32060,1.21,0,0,15849068,0.127,0,0,1380004385
0,IND,Asia,26-07-2020,49981,711,India,1435616,32771,1.21,0,0,16291331,0.127,0,0,1380004385
0,IND,Asia,27-07-2020,44457,637,India,1480073,33408,1.2,0,0,16806803,0.118,0,0,1380004385
0,IND,Asia,28-07-2020,51596,785,India,1531669,34193,1.19,0,0,17334885,0.115,0,0,1380004385
0,IND,Asia,29-07-2020,50294,762,India,1581963,34955,1.19,0,0,17743740,0.114,0,0,1380004385
0,IND,Asia,30-07-2020,52783,763,India,1634746,35718,1.18,0,0,18190382,0.111,0,0,1380004385
0,IND,Asia,31-07-2020,61242,793,India,1695988,36511,1.18,0,0,18832970,0.105,0,0,1380004385
0,IND,Asia,01-08-2020,54735,853,India,1750723,37364,1.17,0,0,19358659,0.104,0,0,1380004385
0,IND,Asia,02-08-2020,52972,771,India,1803695,38135,1.16,0,0,19821831,0.104,0,0,1380004385
0,IND,Asia,03-08-2020,52050,803,India,1855745,38938,1.15,0,0,20202858,0.111,0,0,1380004385
0,IND,Asia,04-08-2020,52509,857,India,1908254,39795,1.15,0,0,20864750,0.107,0,0,1380004385
0,IND,Asia,05-08-2020,56282,904,India,1964536,40699,1.15,0,0,21484402,0.102,0,0,1380004385
0,IND,Asia,06-08-2020,62538,886,India,2027074,41585,1.14,0,0,22149351,0.099,0,0,1380004385
0,IND,Asia,07-08-2020,61537,933,India,2088611,42518,1.14,0,0,22788393,0.099,0,0,1380004385
0,IND,Asia,08-08-2020,64399,861,India,2153010,43379,1.13,0,0,23387171,0.1,0,0,1380004385
0,IND,Asia,09-08-2020,62064,1007,India,2215074,44386,1.13,0,0,24106535,0.096,0,0,1380004385
0,IND,Asia,10-08-2020,53601,871,India,2268675,45257,1.12,0,0,24583558,0.094,0,0,1380004385
0,IND,Asia,11-08-2020,60963,834,India,2329638,46091,1.12,0,0,25281848,0.095,0,0,1380004385
0,IND,Asia,12-08-2020,66999,942,India,2396637,47033,1.11,0,0,26015297,0.095,0,0,1380004385
0,IND,Asia,13-08-2020,64553,1007,India,2461190,48040,1.11,0,0,26845688,0.092,0,0,1380004385
0,IND,Asia,14-08-2020,64732,996,India,2525922,49036,1.1,0,0,27694416,0.089,0,0,1380004385
0,IND,Asia,15-08-2020,64030,944,India,2589952,49980,1.1,0,0,28563095,0.084,0,0,1380004385
0,IND,Asia,16-08-2020,57711,941,India,2647663,50921,1.1,0,0,29309703,0.083,0,0,1380004385
0,IND,Asia,17-08-2020,55018,876,India,2702681,51797,1.09,0,0,30041400,0.08,0,0,1380004385
0,IND,Asia,18-08-2020,64572,1091,India,2767253,52888,1.09,0,0,30941264,0.077,0,0,1380004385
0,IND,Asia,19-08-2020,69672,978,India,2836925,53866,1.09,0,0,31742782,0.077,0,0,1380004385
0,IND,Asia,20-08-2020,68900,983,India,2905825,54849,1.09,0,0,32661252,0.076,0,0,1380004385
0,IND,Asia,21-08-2020,69876,945,India,2975701,55794,1.09,0,0,33467237,0.078,0,0,1380004385
0,IND,Asia,22-08-2020,69239,912,India,3044940,56706,1.09,0,0,34491073,0.077,0,0,1380004385
0,IND,Asia,23-08-2020,61408,836,India,3106348,57542,1.09,0,0,35292220,0.077,0,0,1380004385
0,IND,Asia,24-08-2020,60975,848,India,3167323,58390,1.09,0,0,35902137,0.079,0,0,1380004385
0,IND,Asia,25-08-2020,57224,967,India,3224547,59357,1.09,0,0,36827520,0.078,0,0,1380004385
0,IND,Asia,26-08-2020,85687,1115,India,3310234,60472,1.09,0,0,37651512,0.08,0,0,1380004385
0,IND,Asia,27-08-2020,77266,1057,India,3387500,61529,1.09,0,0,38576510,0.081,0,0,1380004385
0,IND,Asia,28-08-2020,76472,1021,India,3463972,62550,1.09,0,0,39477848,0.081,0,0,1380004385
0,IND,Asia,29-08-2020,78761,948,India,3542733,63498,1.09,0,0,40406609,0.084,0,0,1380004385
0,IND,Asia,30-08-2020,78512,971,India,3621245,64469,1.09,0,0,41461636,0.083,0,0,1380004385
0,IND,Asia,31-08-2020,69921,819,India,3691166,65288,1.09,0,0,42307914,0.082,0,0,1380004385
0,IND,Asia,01-09-2020,78357,1045,India,3769523,66333,1.09,0,0,43324834,0.084,0,0,1380004385
0,IND,Asia,02-09-2020,83883,1043,India,3853406,67376,1.09,0,0,44337201,0.081,0,0,1380004385
0,IND,Asia,03-09-2020,83341,1096,India,3936747,68472,1.09,0,0,45509380,0.079,0,0,1380004385
0,IND,Asia,04-09-2020,86432,1089,India,4023179,69561,1.09,0,0,46679145,0.078,0,0,1380004385
0,IND,Asia,05-09-2020,90632,1065,India,4113811,70626,1.08,0,0,47738491,0.078,0,0,1380004385
0,IND,Asia,06-09-2020,90802,1016,India,4204613,71642,1.08,0,0,48831145,0.079,0,0,1380004385
0,IND,Asia,07-09-2020,75809,1133,India,4280422,72775,1.08,0,0,49551507,0.081,0,0,1380004385
0,IND,Asia,08-09-2020,89706,1115,India,4370128,73890,1.07,0,0,50650128,0.082,0,0,1380004385
0,IND,Asia,09-09-2020,95735,1172,India,4465863,75062,1.07,0,0,51804677,0.082,0,0,1380004385
0,IND,Asia,10-09-2020,96551,1209,India,4562414,76271,1.07,0,0,52934433,0.084,0,0,1380004385
0,IND,Asia,11-09-2020,97570,1201,India,4659984,77472,1.06,0,0,54097975,0.086,0,0,1380004385
0,IND,Asia,12-09-2020,94372,1114,India,4754356,78586,1.05,0,0,55189226,0.086,0,0,1380004385
0,IND,Asia,13-09-2020,92071,1136,India,4846427,79722,1.05,0,0,56260928,0.086,0,0,1380004385
0,IND,Asia,14-09-2020,83809,1054,India,4930236,80776,1.04,0,0,57239428,0.085,0,0,1380004385
0,IND,Asia,15-09-2020,90123,1290,India,5020359,82066,1.03,0,0,58312273,0.085,0,0,1380004385
0,IND,Asia,16-09-2020,97894,1132,India,5118253,83198,1.03,0,0,59429115,0.086,0,0,1380004385
0,IND,Asia,17-09-2020,96424,1174,India,5214677,84372,1.02,0,0,60565728,0.085,0,0,1380004385
0,IND,Asia,18-09-2020,93337,1247,India,5308014,85619,1.01,0,0,61572343,0.087,0,0,1380004385
0,IND,Asia,19-09-2020,92605,1133,India,5400619,86752,1.01,0,0,62454254,0.089,0,0,1380004385
0,IND,Asia,20-09-2020,86961,1130,India,5487580,87882,1,0,0,63661060,0.087,0,0,1380004385
0,IND,Asia,21-09-2020,75083,1053,India,5562663,88935,0.99,0,0,64392594,0.088,0,0,1380004385
0,IND,Asia,22-09-2020,83347,1085,India,5646010,90020,0.99,0,0,65325779,0.089,0,0,1380004385
0,IND,Asia,23-09-2020,86508,1129,India,5732518,91149,0.98,0,0,66279462,0.09,0,0,1380004385
0,IND,Asia,24-09-2020,86052,1141,India,5818570,92290,0.98,0,0,67436031,0.088,0,0,1380004385
0,IND,Asia,25-09-2020,85362,1089,India,5903932,93379,0.97,0,0,68928440,0.081,0,0,1380004385
0,IND,Asia,26-09-2020,88600,1124,India,5992532,94503,0.97,0,0,70269975,0.076,0,0,1380004385
0,IND,Asia,27-09-2020,82170,1039,India,6074702,95542,0.96,0,0,71257836,0.077,0,0,1380004385
0,IND,Asia,28-09-2020,70589,776,India,6145291,96318,0.96,0,0,71967230,0.077,0,0,1380004385
0,IND,Asia,29-09-2020,80472,1179,India,6225763,97497,0.96,0,0,73110041,0.074,0,0,1380004385
0,IND,Asia,30-09-2020,86821,1181,India,6312584,98678,0.95,0,0,74196729,0.073,0,0,1380004385
0,IND,Asia,01-10-2020,81484,1095,India,6394068,99773,0.95,0,0,75619781,0.07,0,0,1380004385
0,IND,Asia,02-10-2020,79476,1069,India,6473544,100842,0.94,0,0,76717728,0.073,0,0,1380004385
0,IND,Asia,03-10-2020,75829,940,India,6549373,101782,0.94,0,0,77850403,0.073,0,0,1380004385
0,IND,Asia,04-10-2020,74442,903,India,6623815,102685,0.93,0,0,78992534,0.071,0,0,1380004385
0,IND,Asia,05-10-2020,61267,884,India,6685082,103569,0.93,0,0,79982394,0.067,0,0,1380004385
0,IND,Asia,06-10-2020,72049,986,India,6757131,104555,0.93,0,0,81071797,0.067,0,0,1380004385
0,IND,Asia,07-10-2020,78524,971,India,6835655,105526,0.93,0,0,82271654,0.065,0,0,1380004385
0,IND,Asia,08-10-2020,70496,964,India,6906151,106490,0.92,0,0,83465975,0.065,0,0,1380004385
0,IND,Asia,09-10-2020,73272,926,India,6979423,107416,0.92,0,0,84634680,0.064,0,0,1380004385
0,IND,Asia,10-10-2020,74383,918,India,7053806,108334,0.92,0,0,85798698,0.063,0,0,1380004385
0,IND,Asia,11-10-2020,66732,816,India,7120538,109150,0.91,0,0,86877242,0.063,0,0,1380004385
0,IND,Asia,12-10-2020,55342,706,India,7175880,109856,0.91,0,0,87872093,0.062,0,0,1380004385
0,IND,Asia,13-10-2020,63509,730,India,7239389,110586,0.9,0,0,88945107,0.061,0,0,1380004385
0,IND,Asia,14-10-2020,67708,680,India,7307097,111266,0.9,0,0,90090122,0.06,0,0,1380004385
0,IND,Asia,15-10-2020,63371,895,India,7370468,112161,0.9,0,0,91226305,0.06,0,0,1380004385
0,IND,Asia,16-10-2020,62212,837,India,7432680,112998,0.9,0,0,92254927,0.059,0,0,1380004385
0,IND,Asia,17-10-2020,61871,1033,India,7494551,114031,0.89,0,0,93254017,0.059,0,0,1380004385
0,IND,Asia,18-10-2020,55722,579,India,7550273,114610,0.89,0,0,94224190,0.058,0,0,1380004385
0,IND,Asia,19-10-2020,46790,587,India,7597063,115197,0.89,0,0,95083976,0.058,0,0,1380004385
0,IND,Asia,20-10-2020,54044,717,India,7651107,115914,0.89,0,0,96116771,0.057,0,0,1380004385
0,IND,Asia,21-10-2020,55839,702,India,7706946,116616,0.89,0,0,97200379,0.056,0,0,1380004385
0,IND,Asia,22-10-2020,54366,690,India,7761312,117306,0.89,0,0,98670363,0.053,0,0,1380004385
0,IND,Asia,23-10-2020,53370,650,India,7814682,117956,0.89,0,0,100113085,0.049,0,0,1380004385
0,IND,Asia,24-10-2020,50129,578,India,7864811,118534,0.89,0,0,101382564,0.046,0,0,1380004385
0,IND,Asia,25-10-2020,45148,480,India,7909959,119014,0.89,0,0,102523469,0.043,0,0,1380004385
0,IND,Asia,26-10-2020,36470,488,India,7946429,119502,0.89,0,0,103462778,0.042,0,0,1380004385
0,IND,Asia,27-10-2020,43893,508,India,7990322,120010,0.89,0,0,104420894,0.041,0,0,1380004385
0,IND,Asia,28-10-2020,49881,517,India,8040203,120527,0.9,0,0,105487680,0.04,0,0,1380004385
0,IND,Asia,29-10-2020,48648,563,India,8088851,121090,0.9,0,0,106563440,0.041,0,0,1380004385
0,IND,Asia,30-10-2020,48268,551,India,8137119,121641,0.91,0,0,107728088,0.042,0,0,1380004385
0,IND,Asia,31-10-2020,46963,470,India,8184082,122111,0.91,0,0,108796064,0.043,0,0,1380004385
0,IND,Asia,01-11-2020,45231,496,India,8229313,122607,0.91,0,0,109887303,0.043,0,0,1380004385
0,IND,Asia,02-11-2020,38310,490,India,8267623,123097,0.92,0,0,110743103,0.044,0,0,1380004385
0,IND,Asia,03-11-2020,46253,514,India,8313876,123611,0.92,0,0,111789350,0.044,0,0,1380004385
0,IND,Asia,04-11-2020,50210,704,India,8364086,124315,0.92,0,0,112998959,0.043,0,0,1380004385
0,IND,Asia,05-11-2020,47638,670,India,8411724,124985,0.93,0,0,114208384,0.042,0,0,1380004385
0,IND,Asia,06-11-2020,50356,577,India,8462080,125562,0.93,0,0,115429095,0.042,0,0,1380004385
0,IND,Asia,07-11-2020,45674,559,India,8507754,126121,0.93,0,0,116542304,0.042,0,0,1380004385
0,IND,Asia,08-11-2020,45903,490,India,8553657,126611,0.93,0,0,117736791,0.041,0,0,1380004385
0,IND,Asia,09-11-2020,38073,448,India,8591730,127059,0.93,0,0,118572192,0.041,0,0,1380004385
0,IND,Asia,10-11-2020,44281,512,India,8636011,127571,0.93,0,0,119615857,0.041,0,0,1380004385
0,IND,Asia,11-11-2020,47905,550,India,8683916,128121,0.93,0,0,120769151,0.041,0,0,1380004385
0,IND,Asia,12-11-2020,44879,547,India,8728795,128668,0.93,0,0,121962509,0.041,0,0,1380004385
0,IND,Asia,13-11-2020,44684,520,India,8773479,129188,0.93,0,0,123101739,0.041,0,0,1380004385
0,IND,Asia,14-11-2020,41100,447,India,8814579,129635,0.93,0,0,124031230,0.041,0,0,1380004385
0,IND,Asia,15-11-2020,30548,435,India,8845127,130070,0.93,0,0,124836819,0.041,0,0,1380004385
0,IND,Asia,16-11-2020,29163,449,India,8874290,130519,0.93,0,0,125698525,0.04,0,0,1380004385
0,IND,Asia,17-11-2020,38617,474,India,8912907,130993,0.94,0,0,126542907,0.04,0,0,1380004385
0,IND,Asia,18-11-2020,45576,585,India,8958483,131578,0.94,0,0,127480186,0.041,0,0,1380004385
0,IND,Asia,19-11-2020,45882,584,India,9004365,132162,0.95,0,0,128508389,0.042,0,0,1380004385
0,IND,Asia,20-11-2020,46232,564,India,9050597,132726,0.95,0,0,129591786,0.043,0,0,1380004385
0,IND,Asia,21-11-2020,45209,501,India,9095806,133227,0.95,0,0,130657808,0.042,0,0,1380004385
0,IND,Asia,22-11-2020,44059,511,India,9139865,133738,0.95,0,0,131733134,0.043,0,0,1380004385
0,IND,Asia,23-11-2020,37975,480,India,9177840,134218,0.94,0,0,132582730,0.044,0,0,1380004385
0,IND,Asia,24-11-2020,44376,481,India,9222216,134699,0.94,0,0,133682275,0.043,0,0,1380004385
0,IND,Asia,25-11-2020,44489,524,India,9266705,135223,0.94,0,0,134841307,0.042,0,0,1380004385
0,IND,Asia,26-11-2020,43082,492,India,9309787,135715,0.93,0,0,135931545,0.041,0,0,1380004385
0,IND,Asia,27-11-2020,41322,485,India,9351109,136200,0.93,0,0,137062749,0.04,0,0,1380004385
0,IND,Asia,28-11-2020,41810,496,India,9392919,136696,0.92,0,0,138220354,0.039,0,0,1380004385
0,IND,Asia,29-11-2020,38772,443,India,9431691,137139,0.92,0,0,139503803,0.038,0,0,1380004385
0,IND,Asia,30-11-2020,31118,482,India,9462809,137621,0.91,0,0,140379976,0.037,0,0,1380004385
0,IND,Asia,01-12-2020,36604,501,India,9499413,138122,0.91,0,0,141349298,0.036,0,0,1380004385
0,IND,Asia,02-12-2020,35551,526,India,9534964,138648,0.91,0,0,142445949,0.035,0,0,1380004385
0,IND,Asia,03-12-2020,36595,540,India,9571559,139188,0.9,0,0,143557647,0.034,0,0,1380004385
0,IND,Asia,04-12-2020,36652,512,India,9608211,139700,0.9,0,0,144727749,0.034,0,0,1380004385
0,IND,Asia,05-12-2020,36011,482,India,9644222,140182,0.89,0,0,145885512,0.033,0,0,1380004385
0,IND,Asia,06-12-2020,32981,391,India,9677203,140573,0.89,0,0,146986575,0.033,0,0,1380004385
0,IND,Asia,07-12-2020,26567,385,India,9703770,140958,0.88,0,0,147787656,0.033,0,0,1380004385
0,IND,Asia,08-12-2020,32080,402,India,9735850,141360,0.88,0,0,148814055,0.032,0,0,1380004385
0,IND,Asia,09-12-2020,31521,412,India,9767371,141772,0.88,0,0,149836767,0.031,0,0,1380004385
0,IND,Asia,10-12-2020,29373,413,India,9796744,142185,0.88,0,0,150759726,0.031,0,0,1380004385
0,IND,Asia,11-12-2020,30031,443,India,9826775,142628,0.87,0,0,0,0.031,0,0,1380004385
0,IND,Asia,12-12-2020,30254,391,India,9857029,143019,0.87,0,0,152697399,0.031,0,0,1380004385
0,IND,Asia,13-12-2020,27071,336,India,9884100,143355,0.87,0,0,153711833,0.031,0,0,1380004385
0,IND,Asia,14-12-2020,22065,354,India,9906165,143709,0.86,0,0,154566990,0.03,0,0,1380004385
0,IND,Asia,15-12-2020,26382,387,India,9932547,144096,0.86,0,0,155560655,0.029,0,0,1380004385
0,IND,Asia,16-12-2020,24010,355,India,9956557,144451,0.86,0,0,156646280,0.028,0,0,1380004385
0,IND,Asia,17-12-2020,22890,338,India,9979447,144789,0.86,0,0,157805240,0.026,0,0,1380004385
0,IND,Asia,18-12-2020,25152,347,India,10004599,145136,0.87,0,0,158918646,0.025,0,0,1380004385
0,IND,Asia,19-12-2020,26624,341,India,10031223,145477,0.87,0,0,160090514,0.024,0,0,1380004385
0,IND,Asia,20-12-2020,24337,333,India,10055560,145810,0.87,0,0,161198195,0.023,0,0,1380004385
0,IND,Asia,21-12-2020,19556,301,India,10075116,146111,0.87,0,0,162098329,0.022,0,0,1380004385
0,IND,Asia,22-12-2020,23950,333,India,10099066,146444,0.87,0,0,163170557,0.022,0,0,1380004385
0,IND,Asia,23-12-2020,24712,312,India,10123778,146756,0.87,0,0,164268721,0.022,0,0,1380004385
0,IND,Asia,24-12-2020,23067,336,India,10146845,147092,0.87,0,0,165308366,0.022,0,0,1380004385
0,IND,Asia,25-12-2020,22273,251,India,10169118,147343,0.87,0,0,166305762,0.022,0,0,1380004385
0,IND,Asia,26-12-2020,18732,279,India,10187850,147622,0.87,0,0,167159289,0.022,0,0,1380004385
0,IND,Asia,27-12-2020,20021,279,India,10207871,147901,0.87,0,0,168102657,0.022,0,0,1380004385
0,IND,Asia,28-12-2020,16432,252,India,10224303,148153,0.87,0,0,168818054,0.022,0,0,1380004385
0,IND,Asia,29-12-2020,20549,286,India,10244852,148439,0.87,0,0,169801749,0.022,0,0,1380004385
0,IND,Asia,30-12-2020,21822,299,India,10266674,148738,0.88,0,0,170922030,0.021,0,0,1380004385
0,IND,Asia,31-12-2020,0,0,India,10266674,148738,0.88,0,0,172049274,0.018,0,0,1380004385
0,IND,Asia,01-01-2021,20035,256,India,10286709,148994,0.89,0,0,173111694,0.017,0,0,1380004385
0,IND,Asia,02-01-2021,37256,441,India,10323965,149435,0.9,0,0,173941658,0.02,0,0,1380004385
0,IND,Asia,03-01-2021,16504,214,India,10340469,149649,0.9,0,0,174899783,0.02,0,0,1380004385
0,IND,Asia,04-01-2021,16375,201,India,10356844,149850,0.9,0,0,175635761,0.019,0,0,1380004385
0,IND,Asia,05-01-2021,18088,264,India,10374932,150114,0.9,0,0,176531997,0.019,0,0,1380004385
0,IND,Asia,06-01-2021,20346,222,India,10395278,150336,0.9,0,0,177463405,0.02,0,0,1380004385
0,IND,Asia,07-01-2021,18139,234,India,10413417,150570,0.9,0,0,178400995,0.023,0,0,1380004385
0,IND,Asia,08-01-2021,0,0,India,10413417,150570,0.9,0,0,179336364,0.02,0,0,1380004385
0,IND,Asia,09-01-2021,36867,429,India,10450284,150999,0.91,0,0,180253315,0.02,0,0,1380004385
0,IND,Asia,10-01-2021,16311,161,India,10466595,151160,0.9,0,0,181096622,0.02,0,0,1380004385
0,IND,Asia,11-01-2021,12584,167,India,10479179,151327,0.9,0,0,181755831,0.02,0,0,1380004385
0,IND,Asia,12-01-2021,15968,202,India,10495147,151529,0.9,0,0,182652887,0.02,0,0,1380004385
0,IND,Asia,13-01-2021,16946,198,India,10512093,151727,0.9,0,0,183489114,0.019,0,0,1380004385
0,IND,Asia,14-01-2021,15590,191,India,10527683,151918,0.9,0,0,184232305,0.02,0,0,1380004385
0,IND,Asia,15-01-2021,15158,175,India,10542841,152093,0.9,0,0,184962401,0.023,0,0,1380004385
191181,IND,Asia,16-01-2021,15144,181,India,10557985,152274,0.9,0,0,185765491,0.02,191181,191181,1380004385
33120,IND,Asia,17-01-2021,13788,145,India,10571773,152419,0.9,0,0,186544868,0.019,224301,224301,1380004385
229748,IND,Asia,18-01-2021,10050,137,India,10581823,152556,0.9,0,0,187093036,0.019,454049,454049,1380004385
220786,IND,Asia,19-01-2021,13816,162,India,10595639,152718,0.9,0,0,187802827,0.02,674835,674835,1380004385
131649,IND,Asia,20-01-2021,15244,151,India,10610883,152869,0.9,0,0,188566947,0.019,806484,806484,1380004385
237050,IND,Asia,21-01-2021,14545,163,India,10625428,153032,0.91,0,0,189347782,0.019,1043534,1043534,1380004385
347058,IND,Asia,22-01-2021,14256,152,India,10639684,153184,0.91,0,0,190148024,0.019,1390592,1390592,1380004385
191609,IND,Asia,23-01-2021,14849,155,India,10654533,153339,0.91,0,0,190985119,0.018,1582201,1582201,1380004385
33303,IND,Asia,24-01-2021,13203,131,India,10667736,153470,0.91,0,0,191766871,0.018,1615504,1615504,1380004385
408305,IND,Asia,25-01-2021,9102,117,India,10676838,153587,0.91,0,0,192337117,0.018,2023809,2023809,1380004385
5671,IND,Asia,26-01-2021,12689,137,India,10689527,153724,0.92,0,0,193062694,0.018,2029480,2029480,1380004385
326499,IND,Asia,27-01-2021,11666,123,India,10701193,153847,0.92,0,0,193613120,0.018,2355979,2355979,1380004385
572074,IND,Asia,28-01-2021,18855,163,India,10720048,154010,0.93,0,0,194338773,0.019,2928053,2928053,1380004385
571974,IND,Asia,29-01-2021,13082,137,India,10733130,154147,0.93,0,0,195081079,0.019,3500027,3500027,1380004385
244307,IND,Asia,30-01-2021,13044,127,India,10746174,154274,0.93,0,0,195837408,0.019,3744334,3744334,1380004385
14509,IND,Asia,31-01-2021,11436,118,India,10757610,154392,0.93,0,0,196588372,0.019,3758843,3758843,1380004385
191313,IND,Asia,01-02-2021,8635,94,India,10766245,154486,0.93,0,0,197092635,0.019,3950156,3950156,1380004385
188762,IND,Asia,02-02-2021,11039,110,India,10777284,154596,0.93,0,0,197752057,0.019,4138918,4138918,1380004385
310634,IND,Asia,03-02-2021,12899,107,India,10790183,154703,0.94,0,0,198473178,0.018,4449552,4449552,1380004385
509893,IND,Asia,04-02-2021,12408,120,India,10802591,154823,0.94,0,0,199216019,0.017,4959445,4959445,1380004385
457404,IND,Asia,05-02-2021,11713,95,India,10814304,154918,0.95,0,0,199931795,0.017,5416849,5416849,1380004385
358473,IND,Asia,06-02-2021,12059,78,India,10826363,154996,0.95,0,0,200672589,0.017,5775322,5775322,1380004385
37040,IND,Asia,07-02-2021,11831,84,India,10838194,155080,0.96,0,0,201368378,0.017,5812362,5812362,1380004385
446646,IND,Asia,08-02-2021,9110,78,India,10847304,155158,0.96,0,0,201900614,0.017,6259008,6259008,1380004385
352553,IND,Asia,09-02-2021,11067,94,India,10858371,155252,0.97,0,0,202587752,0.017,6611561,6611561,1380004385
405553,IND,Asia,10-02-2021,12923,108,India,10871294,155360,0.98,0,0,203324655,0.017,7017114,7017114,1380004385
487896,IND,Asia,11-02-2021,9309,87,India,10880603,155447,0.98,0,0,204023840,0.016,7505010,7505010,1380004385
462637,IND,Asia,12-02-2021,12143,103,India,10892746,155550,0.99,0,0,204789784,0.016,7967647,7967647,1380004385
84807,IND,Asia,13-02-2021,12194,92,India,10904940,155642,1,0,0,205533398,0.016,8052454,8044786,1380004385
0,IND,Asia,14-02-2021,11649,90,India,10916589,155732,1.01,0,0,206230512,0.016,0,0,1380004385
0,IND,Asia,15-02-2021,9121,81,India,10925710,155813,1.01,0,0,206716634,0.016,8516771,8418653,1380004385
340570,IND,Asia,16-02-2021,11610,100,India,10937320,155913,1.03,0,0,0,0,8857341,8641002,1380004385
329416,IND,Asia,17-02-2021,12881,101,India,10950201,156014,1.04,0,0,0,0,9186757,8844641,1380004385
659766,IND,Asia,18-02-2021,13193,97,India,10963394,156111,1.05,0,0,0,0,9846523,9381591,1380004385
603419,IND,Asia,19-02-2021,13993,101,India,10977387,156212,1.05,0,0,0,0,10449942,9693000,1380004385
388381,IND,Asia,20-02-2021,14264,90,India,10991651,156302,1.06,0,0,0,0,10838323,9964383,1380004385
246850,IND,Asia,21-02-2021,14199,83,India,11005850,156385,1.07,0,0,0,0,11085173,10124531,1380004385
338921,IND,Asia,22-02-2021,10584,78,India,11016434,156463,1.07,0,0,0,0,11424094,10308552,1380004385
483298,IND,Asia,23-02-2021,13742,104,India,11030176,156567,1.08,0,0,0,0,11907392,10585757,1380004385
459241,IND,Asia,24-02-2021,16738,138,India,11046914,156705,1.09,0,0,0,0,12366633,10884879,1380004385
700414,IND,Asia,25-02-2021,16577,120,India,11063491,156825,1.09,0,0,0,0,13067047,11206188,1380004385
689893,IND,Asia,26-02-2021,16488,113,India,11079979,156938,1.09,0,0,0,0,13756940,11552857,1380004385
485607,IND,Asia,27-02-2021,16752,113,India,11096731,157051,1.09,0,0,0,0,14242547,11788669,1380004385
58719,IND,Asia,28-02-2021,15510,106,India,11112241,157157,1.09,0,0,0,0,14301266,11845075,1380004385
0,IND,Asia,01-03-2021,12286,91,India,11124527,157248,0,0,0,0,0,0,0,1380004385
